bin	value
0.1	0.38134908984145627
0.2	0.6028332354668232
0.3	0.7758184086905461
0.4	0.8532919847328244
0.5	0.9049471520845567
0.6	0.9318298590722255
0.7	0.9452436876100998
0.8	0.9658690546095127
0.9	0.9846594245449207
1	0.989870816206694
