bin	value
0.1	0.3839364357017029
0.2	0.6535525543159131
0.3	0.885184233705226
0.4	0.9443995889606577
0.5	0.976181738109219
0.6	0.9853567234292425
0.7	0.9872100704638873
0.8	0.9909351145038168
0.9	0.9935591603053435
1	0.9939812096300646
