bin	value
0.1	0.26650577486640237
0.2	0.8515773142561627
0.3	0.931391139458714
0.4	0.9977590070677469
0.5	1.0
0.6	1.0
0.7	1.0
0.8	1.0
0.9	1.0
1	1.0
