bin	value
0.1	0.26650577486640237
0.2	0.5878296845371488
0.3	0.7022927081537665
0.4	0.8181348043440786
0.5	0.8777796931563524
0.6	0.9334597483192553
0.7	0.9334597483192553
0.8	0.9431132563351147
0.9	0.9431132563351147
1	0.9431132563351147
